path	type	strategy	rel_file_path	timestamp	dirty	build	touch_build	node_x	node_y	node_color
/project1/externalizations	table	tsv	project1/externalizations.tsv	2026-10-03 14:33:58 UTC				-200	0	0.9000,0.3000,0.4000
/project1/show/show_tables_watch	datexec	py	project1/show/show_tables_watch.py	2026-10-03 14:33:58 UTC				400	-600	0.9000,0.3000,0.4000
/project1/show/show_logic	text	py	project1/show/show_logic.py	2026-10-03 14:33:58 UTC				400	0	0.9000,0.3000,0.4000
/project1/show/show_clock	execute	py	project1/show/show_clock.py	2026-10-03 14:33:58 UTC				400	-200	0.9000,0.3000,0.4000
/project1/show/show_callbacks	parexec	py	project1/show/show_callbacks.py	2026-10-03 14:33:58 UTC				400	-400	0.9000,0.3000,0.4000
/project1/show/scenes	table	tsv	project1/show/scenes.tsv	2026-10-03 14:33:58 UTC				0	0	0.9000,0.3000,0.4000
/project1/show/scene_values	table	tsv	project1/show/scene_values.tsv	2026-10-03 14:33:58 UTC				0	-200	0.9000,0.3000,0.4000
/project1/show/keys	table	tsv	project1/show/keys.tsv	2026-10-03 14:33:58 UTC				0	-600	0.9000,0.3000,0.4000
/project1/show/cues	table	tsv	project1/show/cues.tsv	2026-10-03 14:33:58 UTC				0	-400	0.9000,0.3000,0.4000
/project1/show	base	tox	project1/show.tox	2026-10-03 14:33:58 UTC		5	2025.33230	1000	-2100	0.3250,0.8000,0.3000
/project1/ptz_panel	container	tox	project1/ptz_panel.tox	2026-10-03 14:33:58 UTC		1	2025.33230	200	-2100	0.3250,0.8000,0.3000
/project1/ptz/targets_callbacks	text	py	project1/ptz/targets_callbacks.py	2026-10-03 14:33:58 UTC				800	-120	0.9000,0.3000,0.4000
/project1/ptz/ptz_logic	text	py	project1/ptz/ptz_logic.py	2026-10-03 14:33:58 UTC				400	0	0.9000,0.3000,0.4000
/project1/ptz/ptz_callbacks	parexec	py	project1/ptz/ptz_callbacks.py	2026-10-03 14:33:58 UTC				0	-400	0.9000,0.3000,0.4000
/project1/ptz/presets	table	tsv	project1/ptz/presets.tsv	2026-10-03 14:33:58 UTC				400	-400	0.9000,0.3000,0.4000
/project1/ptz/osc_mocap_callbacks	text	py	project1/ptz/osc_mocap_callbacks.py	2026-10-03 14:33:58 UTC				0	-120	0.9000,0.3000,0.4000
/project1/ptz	base	tox	project1/ptz.tox	2026-10-05 13:07:14 UTC		6	2025.33230	-200	-2100	0.3250,0.8000,0.3000
/project1/patch_panel	container	tox	project1/patch_panel.tox	2026-10-03 14:33:58 UTC		1	2025.33230	-200	-1200	0.3250,0.8000,0.3000
/project1/noise	container	tox	project1/noise.tox	2026-10-03 14:33:58 UTC		1	2025.33230	0	225	0.3250,0.8000,0.3000
/project1/moving_heads/heads_dmx_callbacks	text	py	project1/moving_heads/heads_dmx_callbacks.py	2026-10-03 14:33:58 UTC				800	-120	0.9000,0.3000,0.4000
/project1/moving_heads/heads_callbacks	parexec	py	project1/moving_heads/heads_callbacks.py	2026-10-03 14:33:58 UTC				0	-600	0.9000,0.3000,0.4000
/project1/moving_heads/head_profiles	table	tsv	project1/moving_heads/head_profiles.tsv	2026-10-03 14:33:58 UTC				0	0	0.9000,0.3000,0.4000
/project1/moving_heads/head_config	table	tsv	project1/moving_heads/head_config.tsv	2026-10-03 14:33:58 UTC				0	-200	0.9000,0.3000,0.4000
/project1/moving_heads	base	tox	project1/moving_heads.tox	2026-10-03 14:33:58 UTC		3	2025.33230	-600	-2100	0.3250,0.8000,0.3000
/project1/gaia_services/touch_discovery	text	py	project1/gaia_services/touch_discovery.py	2026-10-03 14:33:58 UTC				400	-800	0.9000,0.3000,0.4000
/project1/gaia_services/mqtt_discovery_callbacks	text	py	project1/gaia_services/mqtt_discovery_callbacks.py	2026-10-03 14:33:58 UTC				0	-920	0.9000,0.3000,0.4000
/project1/gaia_services/lifecycle	execute	py	project1/gaia_services/lifecycle.py	2026-10-03 14:33:58 UTC				400	0	0.9000,0.3000,0.4000
/project1/gaia_services/dmx_services	text	py	project1/gaia_services/dmx_services.py	2026-10-03 14:33:58 UTC				0	0	0.9000,0.3000,0.4000
/project1/gaia_services	base	tox	project1/gaia_services.tox	2026-10-03 14:33:58 UTC		11	2025.33230	1000	-430	0.3250,0.8000,0.3000
/project1/gaia_client/topic_dream	text	py	gaia_client/topic_dream.py	2026-10-03 14:33:58 UTC				400	-100	0.9000,0.3000,0.4000
/project1/gaia_client/topic_canvas	text	py	gaia_client/topic_canvas.py	2026-10-03 14:33:58 UTC				400	700	0.9000,0.3000,0.4000
/project1/gaia_client/topic_brainstate	text	py	gaia_client/topic_brainstate.py	2026-10-03 14:33:58 UTC				400	300	0.9000,0.3000,0.4000
/project1/gaia_client/script_soul_callbacks	text	py	gaia_client/script_soul_callbacks.py	2026-10-03 14:33:58 UTC				800	580	0.9000,0.3000,0.4000
/project1/gaia_client/reregister_watch	parexec	py	gaia_client/reregister_watch.py	2026-10-03 14:33:58 UTC				1200	-3200	0.9000,0.3000,0.4000
/project1/gaia_client/pre_release	text	py	gaia_client/pre_release.py	2026-10-03 14:33:58 UTC				0	-5500	0.9000,0.3000,0.4000
/project1/gaia_client/mqtt_ingest_callbacks	text	py	gaia_client/mqtt_ingest_callbacks.py	2026-10-03 14:33:58 UTC				0	580	0.9000,0.3000,0.4000
/project1/gaia_client/mqtt_device_callbacks	text	py	gaia_client/mqtt_device_callbacks.py	2026-10-03 14:33:58 UTC				0	-3320	0.9000,0.3000,0.4000
/project1/gaia_client/mqtt_control_callbacks	text	py	gaia_client/mqtt_control_callbacks.py	2026-10-03 14:33:58 UTC				0	-4320	0.9000,0.3000,0.4000
/project1/gaia_client/mocap_lifecycle	execute	py	gaia_client/mocap_lifecycle.py	2026-10-03 14:33:58 UTC				0	-1400	0.9000,0.3000,0.4000
/project1/gaia_client/gaia_fleet_control	text	py	gaia_client/gaia_fleet_control.py	2026-10-03 14:33:58 UTC				400	-4200	0.9000,0.3000,0.4000
/project1/gaia_client/gaia_device_agent	text	py	gaia_client/gaia_device_agent.py	2026-10-03 14:33:58 UTC				400	-3200	0.9000,0.3000,0.4000
/project1/gaia_client/fleet_lifecycle	execute	py	gaia_client/fleet_lifecycle.py	2026-10-03 14:33:58 UTC				800	-4700	0.9000,0.3000,0.4000
/project1/gaia_client/devices_table	table	tsv	gaia_client/devices_table.tsv	2026-10-03 14:33:58 UTC				800	-4200	0.9000,0.3000,0.4000
/project1/gaia_client/dat_words_callbacks	text	py	gaia_client/dat_words_callbacks.py	2026-10-03 14:33:58 UTC				800	180	0.9000,0.3000,0.4000
/project1/gaia_client/dat_word_current_callbacks	text	py	gaia_client/dat_word_current_callbacks.py	2026-10-03 14:33:58 UTC				1200	180	0.9000,0.3000,0.4000
/project1/gaia_client/dat_thought_callbacks	text	py	gaia_client/dat_thought_callbacks.py	2026-10-03 14:33:58 UTC				800	-220	0.9000,0.3000,0.4000
/project1/gaia_client/chop_pose_callbacks	text	py	gaia_client/chop_pose_callbacks.py	2026-10-03 14:33:58 UTC				800	-1920	0.9000,0.3000,0.4000
/project1/gaia_client/chop_meta_callbacks	text	py	gaia_client/chop_meta_callbacks.py	2026-10-03 14:33:58 UTC				800	-2320	0.9000,0.3000,0.4000
/project1/gaia_client/chop_hand_callbacks	text	py	gaia_client/chop_hand_callbacks.py	2026-10-03 14:33:58 UTC				800	-1520	0.9000,0.3000,0.4000
/project1/gaia_client/chop_face_callbacks	text	py	gaia_client/chop_face_callbacks.py	2026-10-03 14:33:58 UTC				800	-1120	0.9000,0.3000,0.4000
/project1/gaia_client/beacon_probe_callbacks	text	py	gaia_client/beacon_probe_callbacks.py	2026-10-03 14:33:58 UTC				0	-4820	0.9000,0.3000,0.4000
/project1/gaia_client/beacon_discovery	text	py	gaia_client/beacon_discovery.py	2026-10-03 14:33:58 UTC				400	-4700	0.9000,0.3000,0.4000
/project1/gaia_client/agent_lifecycle	execute	py	gaia_client/agent_lifecycle.py	2026-10-03 14:33:58 UTC				800	-3200	0.9000,0.3000,0.4000
/project1/gaia_client	base	tox	project1/gaia_client.tox	2026-10-05 13:07:13 UTC		98	2025.33230	670	-430	0.6700,0.6700,0.6700
/project1/dmx_patch/universe_build_callbacks	text	py	project1/dmx_patch/universe_build_callbacks.py	2026-10-03 14:33:58 UTC				800	-1320	0.9000,0.3000,0.4000
/project1/dmx_patch/scan_logic	text	py	project1/dmx_patch/scan_logic.py	2026-10-03 14:33:58 UTC				400	0	0.9000,0.3000,0.4000
/project1/dmx_patch/routing_callbacks	text	py	project1/dmx_patch/routing_callbacks.py	2026-10-03 14:33:58 UTC				800	-1720	0.9000,0.3000,0.4000
/project1/dmx_patch/patch_report_callbacks	text	py	project1/dmx_patch/patch_report_callbacks.py	2026-10-03 14:33:58 UTC				400	-1520	0.9000,0.3000,0.4000
/project1/dmx_patch/patch_lifecycle	execute	py	project1/dmx_patch/patch_lifecycle.py	2026-10-03 14:33:58 UTC				400	-400	0.9000,0.3000,0.4000
/project1/dmx_patch/patch_callbacks	parexec	py	project1/dmx_patch/patch_callbacks.py	2026-10-03 14:33:58 UTC				0	-400	0.9000,0.3000,0.4000
/project1/dmx_patch/groups	table	tsv	project1/dmx_patch/groups.tsv	2026-10-03 14:33:58 UTC				0	-1400	0.9000,0.3000,0.4000
/project1/dmx_patch/fixtures	table	tsv	project1/dmx_patch/fixtures.tsv	2026-10-03 14:33:58 UTC				0	-1600	0.9000,0.3000,0.4000
/project1/dmx_patch/fixture_logic	text	py	project1/dmx_patch/fixture_logic.py	2026-10-03 14:33:58 UTC				0	-1800	0.9000,0.3000,0.4000
/project1/dmx_patch/artnet_nodes_callbacks	text	py	project1/dmx_patch/artnet_nodes_callbacks.py	2026-10-03 14:33:58 UTC				0	-120	0.9000,0.3000,0.4000
/project1/dmx_patch	base	tox	project1/dmx_patch.tox	2026-10-03 14:33:58 UTC		5	2025.33230	-600	-1200	0.3250,0.8000,0.3000
/project1/dmx_audio_chase/pixel_preview_exec	execute	py	project1/dmx_audio_chase/pixel_preview_exec.py	2026-10-03 14:33:58 UTC				250	700	0.9000,0.3000,0.4000
/project1/dmx_audio_chase/palette_preview_callbacks1	text	py	project1/dmx_audio_chase/palette_preview_callbacks1.py	2026-10-03 14:33:58 UTC				450	450	0.9000,0.3000,0.4000
/project1/dmx_audio_chase/palette_preview_callbacks	text	py	project1/dmx_audio_chase/palette_preview_callbacks.py	2026-10-03 14:33:58 UTC				0	-120	0.9000,0.3000,0.4000
/project1/dmx_audio_chase/fixture_profiles	table	tsv	project1/dmx_audio_chase/fixture_profiles.tsv	2026-10-03 14:33:58 UTC				-800	550	0.9000,0.3000,0.4000
/project1/dmx_audio_chase/fixture_apply	parexec	py	project1/dmx_audio_chase/fixture_apply.py	2026-10-03 14:33:58 UTC				125	125	0.9000,0.3000,0.4000
/project1/dmx_audio_chase/dmx_out_routingtable	table	tsv	project1/dmx_audio_chase/dmx_out_routingtable.tsv	2026-10-03 14:33:58 UTC				0	-120	0.9000,0.3000,0.4000
/project1/dmx_audio_chase/dmx_generator_callbacks1	text	py	project1/dmx_audio_chase/dmx_generator_callbacks1.py	2026-10-03 14:33:58 UTC				-150	150	0.9000,0.3000,0.4000
/project1/dmx_audio_chase/dmx_generator_callbacks	text	py	project1/dmx_audio_chase/dmx_generator_callbacks.py	2026-10-03 14:33:58 UTC				175	-125	0.9000,0.3000,0.4000
/project1/dmx_audio_chase/bars_preview_callbacks	text	py	project1/dmx_audio_chase/bars_preview_callbacks.py	2026-10-03 14:33:58 UTC				450	880	0.9000,0.3000,0.4000
/project1/dmx_audio_chase	base	tox	project1/dmx_audio_chase.tox	2026-10-03 14:33:58 UTC		14	2025.33230	0	50	0.3250,0.8000,0.3000
/project1/config_window	window	tox	project1/config_window.tox	2026-10-03 14:33:58 UTC		1	2025.33230	1000	-1200	0.3250,0.8000,0.3000
/project1/config/tab_timeline/timeline_ui	text	py	project1/config/tab_timeline/timeline_ui.py	2026-10-03 14:33:58 UTC				0	0	0.9000,0.3000,0.4000
/project1/config/tab_timeline/canvas/render_timeline_callbacks	text	py	project1/config/tab_timeline/canvas/render_timeline_callbacks.py	2026-10-03 14:33:58 UTC				0	-120	0.9000,0.3000,0.4000
/project1/config/tab_timeline/canvas/canvas_input	panelexec	py	project1/config/tab_timeline/canvas/canvas_input.py	2026-10-03 14:33:58 UTC				400	0	0.9000,0.3000,0.4000
/project1/config/tab_fixtures/umap/umap_input	panelexec	py	project1/config/tab_fixtures/umap/umap_input.py	2026-10-03 14:33:58 UTC				400	0	0.9000,0.3000,0.4000
/project1/config/tab_fixtures/umap/render_umap_callbacks	text	py	project1/config/tab_fixtures/umap/render_umap_callbacks.py	2026-10-03 14:33:58 UTC				0	-120	0.9000,0.3000,0.4000
/project1/config/tab_fixtures/plan/render_plan_callbacks	text	py	project1/config/tab_fixtures/plan/render_plan_callbacks.py	2026-10-03 14:33:58 UTC				0	-120	0.9000,0.3000,0.4000
/project1/config/tab_fixtures/plan/plan_input	panelexec	py	project1/config/tab_fixtures/plan/plan_input.py	2026-10-03 14:33:58 UTC				400	0	0.9000,0.3000,0.4000
/project1/config/tab_fixtures/patch_watch	datexec	py	project1/config/tab_fixtures/patch_watch.py	2026-10-03 14:33:58 UTC				800	0	0.9000,0.3000,0.4000
/project1/config/tab_fixtures/inspector_callbacks	parexec	py	project1/config/tab_fixtures/inspector_callbacks.py	2026-10-03 14:33:58 UTC				400	0	0.9000,0.3000,0.4000
/project1/config/tab_fixtures/fixture_ui	text	py	project1/config/tab_fixtures/fixture_ui.py	2026-10-03 14:33:58 UTC				0	0	0.9000,0.3000,0.4000
/project1/config/sidebar/sidebar_input	panelexec	py	project1/config/sidebar/sidebar_input.py	2026-10-03 14:33:58 UTC				400	0	0.9000,0.3000,0.4000
/project1/config/sidebar/render_sidebar_callbacks	text	py	project1/config/sidebar/render_sidebar_callbacks.py	2026-10-03 14:33:58 UTC				0	-120	0.9000,0.3000,0.4000
/project1/config/config_ui	text	py	project1/config/config_ui.py	2026-10-03 14:33:58 UTC				0	0	0.9000,0.3000,0.4000
/project1/config	container	tox	project1/config.tox	2026-10-05 13:02:13 UTC		9	2025.33230	600	-1200	0.3250,0.8000,0.3000
/project1/audio_panel	container	tox	project1/audio_panel.tox	2026-10-03 14:33:58 UTC		3	2025.33230	-200	-400	0.3250,0.8000,0.3000
/project1/audio_engine/source_a/source_callbacks	parexec	py	project1/audio_engine/source_a/source_callbacks.py	2026-10-03 14:33:58 UTC				0	-400	0.9000,0.3000,0.4000
/project1/audio_engine	base	tox	project1/audio_engine.tox	2026-10-03 14:33:58 UTC		9	2025.33230	-600	-400	0.3250,0.8000,0.3000
/project1	container	tox	project1.tox	2026-10-05 13:02:13 UTC		62	2025.33230	250	150	0.3250,0.8000,0.3000
/perform	window	tox	perform.tox	2026-10-03 14:33:59 UTC		1	2025.33230	-200	40	0.3250,0.8000,0.3000
/window1	window	tox	window1.tox	2026-10-03 14:35:26 UTC		1	2025.33230	-150	375	0.3250,0.8000,0.3000
/project1/tutorial	text	py	project1/tutorial.py	2026-10-03 14:35:26 UTC				1200	-1200	0.9000,0.3000,0.4000
/project1/ptz_panel/top/params_ptz	parameter	tox	project1/ptz_panel/top/params_ptz.tox	2026-10-03 14:35:26 UTC		1	2025.33230	400	0	0.3250,0.8000,0.3000
/project1/ptz_panel/top	container	tox	project1/ptz_panel/top.tox	2026-10-03 14:35:26 UTC		1	2025.33230	0	0	0.3250,0.8000,0.3000
/project1/ptz_panel/heads/params_heads	parameter	tox	project1/ptz_panel/heads/params_heads.tox	2026-10-03 14:35:26 UTC		1	2025.33230	0	0	0.3250,0.8000,0.3000
/project1/ptz_panel/heads	container	tox	project1/ptz_panel/heads.tox	2026-10-03 14:35:26 UTC		1	2025.33230	0	-400	0.3250,0.8000,0.3000
/project1/patch_panel/rigs/patch_rig_b	parameter	tox	project1/patch_panel/rigs/patch_rig_b.tox	2026-10-03 14:35:26 UTC		1	2025.33230	400	0	0.3250,0.8000,0.3000
/project1/patch_panel/rigs/patch_rig_a	parameter	tox	project1/patch_panel/rigs/patch_rig_a.tox	2026-10-03 14:35:26 UTC		1	2025.33230	0	0	0.3250,0.8000,0.3000
/project1/patch_panel/rigs	container	tox	project1/patch_panel/rigs.tox	2026-10-03 14:35:26 UTC		1	2025.33230	0	-400	0.3250,0.8000,0.3000
/project1/patch_panel/network/params_patch	parameter	tox	project1/patch_panel/network/params_patch.tox	2026-10-03 14:35:26 UTC		1	2025.33230	0	0	0.3250,0.8000,0.3000
/project1/patch_panel/network	container	tox	project1/patch_panel/network.tox	2026-10-03 14:35:26 UTC		1	2025.33230	0	0	0.3250,0.8000,0.3000
/project1/gaia_services/touch_senders_touch_bands	table	tsv	project1/gaia_services/touch_senders_touch_bands.tsv	2026-10-03 14:35:26 UTC				800	-1000	0.9000,0.3000,0.4000
/project1/gaia_services/touch_senders_touch_audio	table	tsv	project1/gaia_services/touch_senders_touch_audio.tsv	2026-10-03 14:35:26 UTC				800	-800	0.9000,0.3000,0.4000
/project1/dmx_patch/ports	table	tsv	project1/dmx_patch/ports.tsv	2026-10-03 14:35:26 UTC				800	0	0.9000,0.3000,0.4000
/project1/config/tab_timeline/params_transport	parameter	tox	project1/config/tab_timeline/params_transport.tox	2026-10-03 14:35:26 UTC		1	2025.33230	800	-400	0.3250,0.8000,0.3000
/project1/config/tab_timeline/params_cue	parameter	tox	project1/config/tab_timeline/params_cue.tox	2026-10-03 14:35:26 UTC		1	2025.33230	1200	-400	0.3250,0.8000,0.3000
/project1/config/tab_timeline/params_automation	parameter	tox	project1/config/tab_timeline/params_automation.tox	2026-10-03 14:35:26 UTC		1	2025.33230	1600	-400	0.3250,0.8000,0.3000
/project1/config/tab_timeline/canvas	container	tox	project1/config/tab_timeline/canvas.tox	2026-10-03 14:35:26 UTC		1	2025.33230	400	-400	0.3250,0.8000,0.3000
/project1/config/tab_timeline	container	tox	project1/config/tab_timeline.tox	2026-10-03 14:35:26 UTC		1	2025.33230	2000	-400	0.3250,0.8000,0.3000
/project1/config/tab_ptz	opviewer	tox	project1/config/tab_ptz.tox	2026-10-03 14:35:26 UTC		1	2025.33230	800	-400	0.3250,0.8000,0.3000
/project1/config/tab_patch	opviewer	tox	project1/config/tab_patch.tox	2026-10-03 14:35:26 UTC		1	2025.33230	400	-400	0.3250,0.8000,0.3000
/project1/config/tab_look/preview_b	container	tox	project1/config/tab_look/preview_b.tox	2026-10-03 14:35:26 UTC		1	2025.33230	400	0	0.3250,0.8000,0.3000
/project1/config/tab_look/preview_a	container	tox	project1/config/tab_look/preview_a.tox	2026-10-03 14:35:27 UTC		1	2025.33230	0	0	0.3250,0.8000,0.3000
/project1/config/tab_look/look_b	parameter	tox	project1/config/tab_look/look_b.tox	2026-10-03 14:35:27 UTC		1	2025.33230	400	-400	0.3250,0.8000,0.3000
/project1/config/tab_look/look_a	parameter	tox	project1/config/tab_look/look_a.tox	2026-10-03 14:35:27 UTC		1	2025.33230	0	-400	0.3250,0.8000,0.3000
/project1/config/tab_look	container	tox	project1/config/tab_look.tox	2026-10-03 14:35:27 UTC		1	2025.33230	2400	-400	0.3250,0.8000,0.3000
/project1/config/tab_gaia	parameter	tox	project1/config/tab_gaia.tox	2026-10-03 14:35:27 UTC		1	2025.33230	1200	-400	0.3250,0.8000,0.3000
/project1/config/tab_fixtures/umap	container	tox	project1/config/tab_fixtures/umap.tox	2026-10-03 14:35:27 UTC		1	2025.33230	800	-400	0.3250,0.8000,0.3000
/project1/config/tab_fixtures/plan	container	tox	project1/config/tab_fixtures/plan.tox	2026-10-03 14:35:27 UTC		1	2025.33230	400	-400	0.3250,0.8000,0.3000
/project1/config/tab_fixtures/inspector	parameter	tox	project1/config/tab_fixtures/inspector.tox	2026-10-03 14:35:27 UTC		1	2025.33230	1200	-400	0.3250,0.8000,0.3000
/project1/config/tab_fixtures	container	tox	project1/config/tab_fixtures.tox	2026-10-03 14:35:27 UTC		1	2025.33230	1600	-400	0.3250,0.8000,0.3000
/project1/config/tab_audio	opviewer	tox	project1/config/tab_audio.tox	2026-10-03 14:35:27 UTC		1	2025.33230	0	-400	0.3250,0.8000,0.3000
/project1/config/sidebar	container	tox	project1/config/sidebar.tox	2026-10-03 14:35:27 UTC		1	2025.33230	400	0	0.3250,0.8000,0.3000
/project1/audio_panel/sources/params_source_b	parameter	tox	project1/audio_panel/sources/params_source_b.tox	2026-10-03 14:35:27 UTC		1	2025.33230	400	0	0.3250,0.8000,0.3000
/project1/audio_panel/sources/params_source_a	parameter	tox	project1/audio_panel/sources/params_source_a.tox	2026-10-03 14:35:27 UTC		1	2025.33230	0	0	0.3250,0.8000,0.3000
/project1/audio_panel/sources	container	tox	project1/audio_panel/sources.tox	2026-10-03 14:35:27 UTC		1	2025.33230	0	-400	0.3250,0.8000,0.3000
/project1/audio_panel/routing/route_rig_b	parameter	tox	project1/audio_panel/routing/route_rig_b.tox	2026-10-03 14:35:27 UTC		1	2025.33230	400	0	0.3250,0.8000,0.3000
/project1/audio_panel/routing/route_rig_a	parameter	tox	project1/audio_panel/routing/route_rig_a.tox	2026-10-03 14:35:27 UTC		1	2025.33230	0	0	0.3250,0.8000,0.3000
/project1/audio_panel/routing	container	tox	project1/audio_panel/routing.tox	2026-10-03 14:35:27 UTC		1	2025.33230	0	0	0.3250,0.8000,0.3000
/project1/audio_engine/source_a	base	tox	project1/audio_engine/source_a.tox	2026-10-03 14:35:27 UTC		1	2025.33230	0	200	0.3250,0.8000,0.3000
/project1/Embody/wizard/track/fill	container	tox	project1/Embody/wizard/track/fill.tox	2026-10-03 14:35:27 UTC		1	2025.33230	0	0	0.3250,0.8000,0.3000
/project1/Embody/wizard/track	container	tox	project1/Embody/wizard/track.tox	2026-10-03 14:35:27 UTC		1	2025.33230	0	-150	0.3250,0.8000,0.3000
/project1/Embody/wizard/topspacer	container	tox	project1/Embody/wizard/topspacer.tox	2026-10-03 14:35:27 UTC		1	2025.33230	480	-450	0.3250,0.8000,0.3000
/project1/Embody/wizard/title_callbacks	text	py	project1/Embody/wizard/title_callbacks.py	2026-10-03 14:35:27 UTC				480	-160	0.9000,0.3000,0.4000
/project1/Embody/wizard/title	text	tox	project1/Embody/wizard/title.tox	2026-10-03 14:35:27 UTC		1	2025.33230	480	0	0.3250,0.8000,0.3000
/project1/Embody/wizard/steplabel_callbacks	text	py	project1/Embody/wizard/steplabel_callbacks.py	2026-10-03 14:35:27 UTC				415	200	0.9000,0.3000,0.4000
/project1/Embody/wizard/steplabel	text	tox	project1/Embody/wizard/steplabel.tox	2026-10-03 14:35:27 UTC		1	2025.33230	225	200	0.3250,0.8000,0.3000
/project1/Embody/wizard/spacer	container	tox	project1/Embody/wizard/spacer.tox	2026-10-03 14:35:27 UTC		1	2025.33230	0	-300	0.3250,0.8000,0.3000
/project1/Embody/wizard/logic	text	py	project1/Embody/wizard/logic.py	2026-10-03 14:35:27 UTC				0	200	0.9000,0.3000,0.4000
/project1/Embody/wizard/hint_callbacks	text	py	project1/Embody/wizard/hint_callbacks.py	2026-10-03 14:35:27 UTC				190	0	0.9000,0.3000,0.4000
/project1/Embody/wizard/hint	text	tox	project1/Embody/wizard/hint.tox	2026-10-03 14:35:27 UTC		1	2025.33230	0	0	0.3250,0.8000,0.3000
/project1/Embody/wizard/grp_save	container	tox	project1/Embody/wizard/grp_save.tox	2026-10-03 14:35:27 UTC		1	2025.33230	1455	-1060	0.3250,0.8000,0.3000
/project1/Embody/wizard/grp_permissions	container	tox	project1/Embody/wizard/grp_permissions.tox	2026-10-03 14:35:27 UTC		1	2025.33230	1455	-800	0.3250,0.8000,0.3000
/project1/Embody/wizard/grp_mode	container	tox	project1/Embody/wizard/grp_mode.tox	2026-10-03 14:35:27 UTC		1	2025.33230	450	-800	0.3250,0.8000,0.3000
/project1/Embody/wizard/grp_git	container	tox	project1/Embody/wizard/grp_git.tox	2026-10-03 14:35:27 UTC		1	2025.33230	1715	-800	0.3250,0.8000,0.3000
/project1/Embody/wizard/grp_footprint	container	tox	project1/Embody/wizard/grp_footprint.tox	2026-10-03 14:35:27 UTC		1	2025.33230	1195	-800	0.3250,0.8000,0.3000
/project1/Embody/wizard/grp_externalize	container	tox	project1/Embody/wizard/grp_externalize.tox	2026-10-03 14:35:27 UTC		1	2025.33230	1715	-1400	0.3250,0.8000,0.3000
/project1/Embody/wizard/grp_convoy	container	tox	project1/Embody/wizard/grp_convoy.tox	2026-10-03 14:35:27 UTC		1	2025.33230	1715	-1060	0.3250,0.8000,0.3000
/project1/Embody/wizard/grp_client	container	tox	project1/Embody/wizard/grp_client.tox	2026-10-03 14:35:27 UTC		1	2025.33230	935	-800	0.3250,0.8000,0.3000
/project1/Embody/wizard/grp_assistant	container	tox	project1/Embody/wizard/grp_assistant.tox	2026-10-03 14:35:27 UTC		1	2025.33230	675	-800	0.3250,0.8000,0.3000
/project1/Embody/wizard/footer	container	tox	project1/Embody/wizard/footer.tox	2026-10-03 14:35:27 UTC		1	2025.33230	250	-700	0.3250,0.8000,0.3000
/project1/Embody/wizard/divider	container	tox	project1/Embody/wizard/divider.tox	2026-10-03 14:35:27 UTC		1	2025.33230	240	-300	0.3250,0.8000,0.3000
/project1/Embody/wizard/clicks	panelexec	py	project1/Embody/wizard/clicks.py	2026-10-03 14:35:27 UTC				240	-150	0.9000,0.3000,0.4000
/project1/Embody/wizard/botspacer	container	tox	project1/Embody/wizard/botspacer.tox	2026-10-03 14:35:27 UTC		1	2025.33230	0	-450	0.3250,0.8000,0.3000
/project1/Embody/wizard	container	tox	project1/Embody/wizard.tox	2026-10-03 14:35:27 UTC		25	2025.33230	1200	225	0.3250,0.8000,0.3000
/project1/Embody/window_wizard	window	tox	project1/Embody/window_wizard.tox	2026-10-03 14:35:27 UTC		1	2025.33230	1200	675	0.3250,0.8000,0.3000
/project1/Embody/window_tagging_menu	window	tox	project1/Embody/window_tagging_menu.tox	2026-10-03 14:35:27 UTC		25	2025.33230	1000	675	0.3250,0.8000,0.3000
/project1/Embody/window_omit	window	tox	project1/Embody/window_omit.tox	2026-10-03 14:35:27 UTC		1	2025.33230	700	675	0.3250,0.8000,0.3000
/project1/Embody/window_manager	window	tox	project1/Embody/window_manager.tox	2026-10-03 14:35:27 UTC		14	2025.33230	500	675	0.3250,0.8000,0.3000
/project1/Embody/windowHeader/title	text	tox	project1/Embody/windowHeader/title.tox	2026-10-03 14:35:27 UTC		51	2025.33230	0	0	0.3250,0.8000,0.3000
/project1/Embody/windowHeader/panelexec1	panelexec	py	project1/Embody/windowHeader/panelexec1.py	2026-10-03 14:35:27 UTC				300	-200	0.9000,0.3000,0.4000
/project1/Embody/windowHeader/button_min	text	tox	project1/Embody/windowHeader/button_min.tox	2026-10-03 14:35:27 UTC		3	2025.33230	300	0	0.3250,0.8000,0.3000
/project1/Embody/windowHeader/button_max	text	tox	project1/Embody/windowHeader/button_max.tox	2026-10-03 14:35:27 UTC		3	2025.33230	600	0	0.3250,0.8000,0.3000
/project1/Embody/windowHeader/button_close	text	tox	project1/Embody/windowHeader/button_close.tox	2026-10-03 14:35:27 UTC		3	2025.33230	900	0	0.3250,0.8000,0.3000
/project1/Embody/windowHeader/WindowHeaderExt	text	py	project1/Embody/windowHeader/WindowHeaderExt.py	2026-10-03 14:35:27 UTC				0	-200	0.9000,0.3000,0.4000
/project1/Embody/windowHeader	container	tox	project1/Embody/windowHeader.tox	2026-10-03 14:35:27 UTC		17	2025.33230	300	300	0.3250,0.8000,0.3000
/project1/Embody/viz_status/status_table	table	tsv	project1/Embody/viz_status/status_table.tsv	2026-10-03 14:35:27 UTC				300	0	0.9000,0.3000,0.4000
/project1/Embody/viz_status/status_publish	text	py	project1/Embody/viz_status/status_publish.py	2026-10-03 14:35:27 UTC				450	0	0.9000,0.3000,0.4000
/project1/Embody/viz_status/rowbox_4/cell_1	text	tox	project1/Embody/viz_status/rowbox_4/cell_1.tox	2026-10-03 14:35:27 UTC		1	2025.33230	260	0	0.3250,0.8000,0.3000
/project1/Embody/viz_status/rowbox_4/cell_0	text	tox	project1/Embody/viz_status/rowbox_4/cell_0.tox	2026-10-03 14:35:27 UTC		1	2025.33230	0	0	0.3250,0.8000,0.3000
/project1/Embody/viz_status/rowbox_4	container	tox	project1/Embody/viz_status/rowbox_4.tox	2026-10-03 14:35:27 UTC		1	2025.33230	0	-1040	0.3250,0.8000,0.3000
/project1/Embody/viz_status/rowbox_3/cell_1	text	tox	project1/Embody/viz_status/rowbox_3/cell_1.tox	2026-10-03 14:35:27 UTC		1	2025.33230	260	0	0.3250,0.8000,0.3000
/project1/Embody/viz_status/rowbox_3/cell_0	text	tox	project1/Embody/viz_status/rowbox_3/cell_0.tox	2026-10-03 14:35:27 UTC		1	2025.33230	0	0	0.3250,0.8000,0.3000
/project1/Embody/viz_status/rowbox_3	container	tox	project1/Embody/viz_status/rowbox_3.tox	2026-10-03 14:35:27 UTC		1	2025.33230	0	-780	0.3250,0.8000,0.3000
/project1/Embody/viz_status/rowbox_2/cell_1	text	tox	project1/Embody/viz_status/rowbox_2/cell_1.tox	2026-10-03 14:35:27 UTC		1	2025.33230	260	0	0.3250,0.8000,0.3000
/project1/Embody/viz_status/rowbox_2/cell_0	text	tox	project1/Embody/viz_status/rowbox_2/cell_0.tox	2026-10-03 14:35:27 UTC		1	2025.33230	0	0	0.3250,0.8000,0.3000
/project1/Embody/viz_status/rowbox_2	container	tox	project1/Embody/viz_status/rowbox_2.tox	2026-10-03 14:35:27 UTC		1	2025.33230	0	-520	0.3250,0.8000,0.3000
/project1/Embody/viz_status/rowbox_1/cell_1	text	tox	project1/Embody/viz_status/rowbox_1/cell_1.tox	2026-10-03 14:35:27 UTC		1	2025.33230	260	0	0.3250,0.8000,0.3000
/project1/Embody/viz_status/rowbox_1/cell_0	text	tox	project1/Embody/viz_status/rowbox_1/cell_0.tox	2026-10-03 14:35:27 UTC		1	2025.33230	0	0	0.3250,0.8000,0.3000
/project1/Embody/viz_status/rowbox_1	container	tox	project1/Embody/viz_status/rowbox_1.tox	2026-10-03 14:35:27 UTC		1	2025.33230	0	-260	0.3250,0.8000,0.3000
/project1/Embody/viz_status/rowbox_0/cell_1	text	tox	project1/Embody/viz_status/rowbox_0/cell_1.tox	2026-10-03 14:35:28 UTC		1	2025.33230	260	0	0.3250,0.8000,0.3000
/project1/Embody/viz_status/rowbox_0/cell_0	text	tox	project1/Embody/viz_status/rowbox_0/cell_0.tox	2026-10-03 14:35:28 UTC		1	2025.33230	0	0	0.3250,0.8000,0.3000
/project1/Embody/viz_status/rowbox_0	container	tox	project1/Embody/viz_status/rowbox_0.tox	2026-10-03 14:35:28 UTC		1	2025.33230	0	0	0.3250,0.8000,0.3000
/project1/Embody/viz_status/parexec_status	parexec	py	project1/Embody/viz_status/parexec_status.py	2026-10-03 14:35:28 UTC				600	0	0.9000,0.3000,0.4000
/project1/Embody/viz_status	container	tox	project1/Embody/viz_status.tox	2026-10-03 14:35:28 UTC		1	2025.33230	1200	475	0.3250,0.8000,0.3000
/project1/Embody/updater/UpdaterExt	text	py	project1/Embody/updater/UpdaterExt.py	2026-10-03 14:35:28 UTC				0	0	0.9000,0.3000,0.4000
/project1/Embody/updater	base	tox	project1/Embody/updater.tox	2026-10-03 14:35:28 UTC		3	2025.33230	1000	-550	0.3250,0.8000,0.3000
/project1/Embody/toolbar/tooltip/text_callbacks	text	py	project1/Embody/toolbar/tooltip/text_callbacks.py	2026-10-03 14:35:28 UTC				0	-160	0.9000,0.3000,0.4000
/project1/Embody/toolbar/tooltip/text	text	tox	project1/Embody/toolbar/tooltip/text.tox	2026-10-03 14:35:28 UTC		35	2025.33230	0	0	0.3250,0.8000,0.3000
/project1/Embody/toolbar/tooltip	container	tox	project1/Embody/toolbar/tooltip.tox	2026-10-03 14:35:28 UTC		46	2025.33230	800	-200	0.3250,0.8000,0.3000
/project1/Embody/toolbar/toolbar_config	table	tsv	project1/Embody/toolbar/toolbar_config.tsv	2026-10-03 14:35:28 UTC				0	-200	0.9000,0.3000,0.4000
/project1/Embody/toolbar/parexec_responsive	parexec	py	project1/Embody/toolbar/parexec_responsive.py	2026-10-03 14:35:28 UTC				400	-200	0.9000,0.3000,0.4000
/project1/Embody/toolbar/parexec_filter	parexec	py	project1/Embody/toolbar/parexec_filter.py	2026-10-03 14:35:28 UTC				600	-200	0.9000,0.3000,0.4000
/project1/Embody/toolbar/panelexec_right	panelexec	py	project1/Embody/toolbar/panelexec_right.py	2026-10-03 14:35:28 UTC				1200	-200	0.9000,0.3000,0.4000
/project1/Embody/toolbar/panelexec_left	panelexec	py	project1/Embody/toolbar/panelexec_left.py	2026-10-03 14:35:28 UTC				1000	-200	0.9000,0.3000,0.4000
/project1/Embody/toolbar/container_right/spacer_pars	container	tox	project1/Embody/toolbar/container_right/spacer_pars.tox	2026-10-03 14:35:28 UTC		2	2025.33230	400	0	0.3250,0.8000,0.3000
/project1/Embody/toolbar/container_right/pars	text	tox	project1/Embody/toolbar/container_right/pars.tox	2026-10-03 14:35:28 UTC		3	2025.33230	600	0	0.3250,0.8000,0.3000
/project1/Embody/toolbar/container_right/filter	text	tox	project1/Embody/toolbar/container_right/filter.tox	2026-10-03 14:35:28 UTC		5	2025.33230	200	0	0.3250,0.8000,0.3000
/project1/Embody/toolbar/container_right/close	text	tox	project1/Embody/toolbar/container_right/close.tox	2026-10-03 14:35:28 UTC		3	2025.33230	0	0	0.3250,0.8000,0.3000
/project1/Embody/toolbar/container_right	container	tox	project1/Embody/toolbar/container_right.tox	2026-10-03 14:35:28 UTC		26	2025.33230	175	0	0.3250,0.8000,0.3000
/project1/Embody/toolbar/container_left/status_callbacks	text	py	project1/Embody/toolbar/container_left/status_callbacks.py	2026-10-03 14:35:28 UTC				0	-160	0.9000,0.3000,0.4000
/project1/Embody/toolbar/container_left/status	text	tox	project1/Embody/toolbar/container_left/status.tox	2026-10-03 14:35:28 UTC		23	2025.33230	800	-200	0.3250,0.8000,0.3000
/project1/Embody/toolbar/container_left/spacer_tdxn	container	tox	project1/Embody/toolbar/container_left/spacer_tdxn.tox	2026-10-03 14:35:28 UTC		2	2025.33230	600	-200	0.3250,0.8000,0.3000
/project1/Embody/toolbar/container_left/spacer_envoy	container	tox	project1/Embody/toolbar/container_left/spacer_envoy.tox	2026-10-03 14:35:28 UTC		2	2025.33230	1200	0	0.3250,0.8000,0.3000
/project1/Embody/toolbar/container_left/save_folder_callbacks	text	py	project1/Embody/toolbar/container_left/save_folder_callbacks.py	2026-10-03 14:35:28 UTC				0	-160	0.9000,0.3000,0.4000
/project1/Embody/toolbar/container_left/save_folder	text	tox	project1/Embody/toolbar/container_left/save_folder.tox	2026-10-03 14:35:28 UTC		13	2025.33230	400	0	0.3250,0.8000,0.3000
/project1/Embody/toolbar/container_left/save_comp_callbacks	text	py	project1/Embody/toolbar/container_left/save_comp_callbacks.py	2026-10-03 14:35:28 UTC				0	-160	0.9000,0.3000,0.4000
/project1/Embody/toolbar/container_left/save_comp	text	tox	project1/Embody/toolbar/container_left/save_comp.tox	2026-10-03 14:35:28 UTC		3	2025.33230	1400	0	0.3250,0.8000,0.3000
/project1/Embody/toolbar/container_left/refresh_callbacks	text	py	project1/Embody/toolbar/container_left/refresh_callbacks.py	2026-10-03 14:35:28 UTC				0	-160	0.9000,0.3000,0.4000
/project1/Embody/toolbar/container_left/refresh	text	tox	project1/Embody/toolbar/container_left/refresh.tox	2026-10-03 14:35:28 UTC		13	2025.33230	200	0	0.3250,0.8000,0.3000
/project1/Embody/toolbar/container_left/perform_callbacks	text	py	project1/Embody/toolbar/container_left/perform_callbacks.py	2026-10-03 14:35:28 UTC				0	-160	0.9000,0.3000,0.4000
/project1/Embody/toolbar/container_left/perform	text	tox	project1/Embody/toolbar/container_left/perform.tox	2026-10-03 14:35:28 UTC		3	2025.33230	0	0	0.3250,0.8000,0.3000
/project1/Embody/toolbar/container_left/initialize_callbacks	text	py	project1/Embody/toolbar/container_left/initialize_callbacks.py	2026-10-03 14:35:28 UTC				0	-160	0.9000,0.3000,0.4000
/project1/Embody/toolbar/container_left/initialize	text	tox	project1/Embody/toolbar/container_left/initialize.tox	2026-10-03 14:35:28 UTC		3	2025.33230	600	0	0.3250,0.8000,0.3000
/project1/Embody/toolbar/container_left/import_tdxn_callbacks	text	py	project1/Embody/toolbar/container_left/import_tdxn_callbacks.py	2026-10-03 14:35:28 UTC				0	-160	0.9000,0.3000,0.4000
/project1/Embody/toolbar/container_left/import_tdxn	text	tox	project1/Embody/toolbar/container_left/import_tdxn.tox	2026-10-03 14:35:28 UTC		3	2025.33230	400	-200	0.3250,0.8000,0.3000
/project1/Embody/toolbar/container_left/export_tdxn_callbacks	text	py	project1/Embody/toolbar/container_left/export_tdxn_callbacks.py	2026-10-03 14:35:28 UTC				0	-160	0.9000,0.3000,0.4000
/project1/Embody/toolbar/container_left/export_tdxn	text	tox	project1/Embody/toolbar/container_left/export_tdxn.tox	2026-10-03 14:35:28 UTC		3	2025.33230	0	-200	0.3250,0.8000,0.3000
/project1/Embody/toolbar/container_left/export_comp_tdxn_callbacks	text	py	project1/Embody/toolbar/container_left/export_comp_tdxn_callbacks.py	2026-10-03 14:35:28 UTC				0	-160	0.9000,0.3000,0.4000
/project1/Embody/toolbar/container_left/export_comp_tdxn	text	tox	project1/Embody/toolbar/container_left/export_comp_tdxn.tox	2026-10-03 14:35:28 UTC		3	2025.33230	200	-200	0.3250,0.8000,0.3000
/project1/Embody/toolbar/container_left/envoy_toggle_callbacks	text	py	project1/Embody/toolbar/container_left/envoy_toggle_callbacks.py	2026-10-03 14:35:28 UTC				0	-160	0.9000,0.3000,0.4000
/project1/Embody/toolbar/container_left/envoy_toggle	text	tox	project1/Embody/toolbar/container_left/envoy_toggle.tox	2026-10-03 14:35:28 UTC		7	2025.33230	800	0	0.3250,0.8000,0.3000
/project1/Embody/toolbar/container_left/disable_callbacks	text	py	project1/Embody/toolbar/container_left/disable_callbacks.py	2026-10-03 14:35:28 UTC				0	-160	0.9000,0.3000,0.4000
/project1/Embody/toolbar/container_left/disable	text	tox	project1/Embody/toolbar/container_left/disable.tox	2026-10-03 14:35:28 UTC		13	2025.33230	0	0	0.3250,0.8000,0.3000
/project1/Embody/toolbar/container_left	container	tox	project1/Embody/toolbar/container_left.tox	2026-10-03 14:35:28 UTC		20	2025.33230	0	0	0.3250,0.8000,0.3000
/project1/Embody/toolbar/ToolbarExt	text	py	project1/Embody/toolbar/ToolbarExt.py	2026-10-03 14:35:28 UTC				200	-200	0.9000,0.3000,0.4000
/project1/Embody/toolbar	container	tox	project1/Embody/toolbar.tox	2026-10-03 14:35:28 UTC		41	2025.33230	300	200	0.3250,0.8000,0.3000
/project1/Embody/timer_callbacks	text	py	project1/Embody/timer_callbacks.py	2026-10-03 14:35:28 UTC				-700	-375	0.9000,0.3000,0.4000
/project1/Embody/templates/text_skill_visual_aesthetics__look_recipes	text	md	project1/Embody/templates/text_skill_visual_aesthetics__look_recipes.md	2026-10-03 14:35:28 UTC				4400	-200	0.9000,0.3000,0.4000
/project1/Embody/templates/text_skill_visual_aesthetics__craft	text	md	project1/Embody/templates/text_skill_visual_aesthetics__craft.md	2026-10-03 14:35:28 UTC				4400	0	0.9000,0.3000,0.4000
/project1/Embody/templates/text_skill_visual_aesthetics	text	md	project1/Embody/templates/text_skill_visual_aesthetics.md	2026-10-03 14:35:28 UTC				3200	-1200	0.9000,0.3000,0.4000
/project1/Embody/templates/text_skill_testing	text	md	project1/Embody/templates/text_skill_testing.md	2026-10-03 14:35:28 UTC				3800	-400	0.9000,0.3000,0.4000
/project1/Embody/templates/text_skill_td_recovery	text	md	project1/Embody/templates/text_skill_td_recovery.md	2026-10-03 14:35:28 UTC				3200	-1000	0.9000,0.3000,0.4000
/project1/Embody/templates/text_skill_td_api_reference__heavy_build_safety	text	md	project1/Embody/templates/text_skill_td_api_reference__heavy_build_safety.md	2026-10-03 14:35:28 UTC				3800	-1000	0.9000,0.3000,0.4000
/project1/Embody/templates/text_skill_td_api_reference__background_work	text	md	project1/Embody/templates/text_skill_td_api_reference__background_work.md	2026-10-03 14:35:28 UTC				3800	-800	0.9000,0.3000,0.4000
/project1/Embody/templates/text_skill_td_api_reference	text	md	project1/Embody/templates/text_skill_td_api_reference.md	2026-10-03 14:35:28 UTC				3200	-800	0.9000,0.3000,0.4000
/project1/Embody/templates/text_skill_pop_networks	text	md	project1/Embody/templates/text_skill_pop_networks.md	2026-10-03 14:35:28 UTC				3200	-600	0.9000,0.3000,0.4000
/project1/Embody/templates/text_skill_parameter_design__state_lifetimes	text	md	project1/Embody/templates/text_skill_parameter_design__state_lifetimes.md	2026-10-03 14:35:28 UTC				3800	-1200	0.9000,0.3000,0.4000
/project1/Embody/templates/text_skill_parameter_design	text	md	project1/Embody/templates/text_skill_parameter_design.md	2026-10-03 14:35:28 UTC				3200	-400	0.9000,0.3000,0.4000
/project1/Embody/templates/text_skill_operator_gotchas	text	md	project1/Embody/templates/text_skill_operator_gotchas.md	2026-10-03 14:35:28 UTC				3800	-200	0.9000,0.3000,0.4000
/project1/Embody/templates/text_skill_multi_session_etiquette	text	md	project1/Embody/templates/text_skill_multi_session_etiquette.md	2026-10-03 14:35:28 UTC				3200	-200	0.9000,0.3000,0.4000
/project1/Embody/templates/text_skill_movie_export	text	md	project1/Embody/templates/text_skill_movie_export.md	2026-10-03 14:35:28 UTC				3200	0	0.9000,0.3000,0.4000
/project1/Embody/templates/text_skill_merge_divergent_tox__procedure	text	md	project1/Embody/templates/text_skill_merge_divergent_tox__procedure.md	2026-10-03 14:35:28 UTC				4400	-400	0.9000,0.3000,0.4000
/project1/Embody/templates/text_skill_merge_divergent_tox	text	md	project1/Embody/templates/text_skill_merge_divergent_tox.md	2026-10-03 14:35:28 UTC				2600	-1400	0.9000,0.3000,0.4000
/project1/Embody/templates/text_skill_mcp_tools_reference__coordination	text	md	project1/Embody/templates/text_skill_mcp_tools_reference__coordination.md	2026-10-03 14:35:28 UTC				3800	-1400	0.9000,0.3000,0.4000
/project1/Embody/templates/text_skill_mcp_tools_reference	text	md	project1/Embody/templates/text_skill_mcp_tools_reference.md	2026-10-03 14:35:28 UTC				2600	-1200	0.9000,0.3000,0.4000
/project1/Embody/templates/text_skill_manage_annotations	text	md	project1/Embody/templates/text_skill_manage_annotations.md	2026-10-03 14:35:28 UTC				2600	-1000	0.9000,0.3000,0.4000
/project1/Embody/templates/text_skill_glsl_shaders	text	md	project1/Embody/templates/text_skill_glsl_shaders.md	2026-10-03 14:35:28 UTC				3800	0	0.9000,0.3000,0.4000
/project1/Embody/templates/text_skill_externalize	text	md	project1/Embody/templates/text_skill_externalize.md	2026-10-03 14:35:28 UTC				2600	-800	0.9000,0.3000,0.4000
/project1/Embody/templates/text_skill_debug_operator	text	md	project1/Embody/templates/text_skill_debug_operator.md	2026-10-03 14:35:28 UTC				2600	-600	0.9000,0.3000,0.4000
/project1/Embody/templates/text_skill_create_operator	text	md	project1/Embody/templates/text_skill_create_operator.md	2026-10-03 14:35:28 UTC				2600	-400	0.9000,0.3000,0.4000
/project1/Embody/templates/text_skill_create_extension	text	md	project1/Embody/templates/text_skill_create_extension.md	2026-10-03 14:35:28 UTC				2600	-200	0.9000,0.3000,0.4000
/project1/Embody/templates/text_skill_collab	text	md	project1/Embody/templates/text_skill_collab.md	2026-10-03 14:35:28 UTC				3800	-600	0.9000,0.3000,0.4000
/project1/Embody/templates/text_skill_brief	text	md	project1/Embody/templates/text_skill_brief.md	2026-10-03 14:35:28 UTC				2600	0	0.9000,0.3000,0.4000
/project1/Embody/templates/text_settings_local	text	json	project1/Embody/templates/text_settings_local.json	2026-10-03 14:35:29 UTC				200	-600	0.9000,0.3000,0.4000
/project1/Embody/templates/text_rule_worktree_td_safety	text	md	project1/Embody/templates/text_rule_worktree_td_safety.md	2026-10-03 14:35:29 UTC				1700	-800	0.9000,0.3000,0.4000
/project1/Embody/templates/text_rule_tdxn_economy	text	md	project1/Embody/templates/text_rule_tdxn_economy.md	2026-10-03 14:35:29 UTC				1700	-1000	0.9000,0.3000,0.4000
/project1/Embody/templates/text_rule_td_python	text	md	project1/Embody/templates/text_rule_td_python.md	2026-10-03 14:35:29 UTC				1700	-600	0.9000,0.3000,0.4000
/project1/Embody/templates/text_rule_td_connectivity	text	md	project1/Embody/templates/text_rule_td_connectivity.md	2026-10-03 14:35:29 UTC				1700	-400	0.9000,0.3000,0.4000
/project1/Embody/templates/text_rule_refresh_after_commit	text	md	project1/Embody/templates/text_rule_refresh_after_commit.md	2026-10-03 14:35:29 UTC				1700	-200	0.9000,0.3000,0.4000
/project1/Embody/templates/text_rule_performance	text	md	project1/Embody/templates/text_rule_performance.md	2026-10-03 14:35:29 UTC				1700	0	0.9000,0.3000,0.4000
/project1/Embody/templates/text_rule_parameters	text	md	project1/Embody/templates/text_rule_parameters.md	2026-10-03 14:35:29 UTC				1100	-1000	0.9000,0.3000,0.4000
/project1/Embody/templates/text_rule_network_layout	text	md	project1/Embody/templates/text_rule_network_layout.md	2026-10-03 14:35:29 UTC				1100	-800	0.9000,0.3000,0.4000
/project1/Embody/templates/text_rule_multi_session	text	md	project1/Embody/templates/text_rule_multi_session.md	2026-10-03 14:35:29 UTC				1100	-600	0.9000,0.3000,0.4000
/project1/Embody/templates/text_rule_mcp_safety	text	md	project1/Embody/templates/text_rule_mcp_safety.md	2026-10-03 14:35:29 UTC				1100	-400	0.9000,0.3000,0.4000
/project1/Embody/templates/text_rule_github_release	text	md	project1/Embody/templates/text_rule_github_release.md	2026-10-03 14:35:29 UTC				1100	-200	0.9000,0.3000,0.4000
/project1/Embody/templates/text_rule_commit_push_checklist	text	md	project1/Embody/templates/text_rule_commit_push_checklist.md	2026-10-03 14:35:29 UTC				1100	0	0.9000,0.3000,0.4000
/project1/Embody/templates/text_envoy_bridge	text	py	project1/Embody/templates/text_envoy_bridge.py	2026-10-03 14:35:29 UTC				200	-400	0.9000,0.3000,0.4000
/project1/Embody/templates/text_claude	text	md	project1/Embody/templates/text_claude.md	2026-10-03 14:35:29 UTC				200	-200	0.9000,0.3000,0.4000
/project1/Embody/templates/text_agents_md	text	md	project1/Embody/templates/text_agents_md.md	2026-10-03 14:35:29 UTC				200	0	0.9000,0.3000,0.4000
/project1/Embody/templates	base	tox	project1/Embody/templates.tox	2026-10-03 14:35:29 UTC		50	2025.33230	-400	-1200	0.3250,0.8000,0.3000
/project1/Embody/tdxn_export_progress/win	window	tox	project1/Embody/tdxn_export_progress/win.tox	2026-10-03 14:35:29 UTC		1	2025.33230	200	0	0.3250,0.8000,0.3000
/project1/Embody/tdxn_export_progress/panelexec_cancel	panelexec	py	project1/Embody/tdxn_export_progress/panelexec_cancel.py	2026-10-03 14:35:29 UTC				200	-200	0.9000,0.3000,0.4000
/project1/Embody/tdxn_export_progress/dialog/title_callbacks	text	py	project1/Embody/tdxn_export_progress/dialog/title_callbacks.py	2026-10-03 14:35:29 UTC				200	-160	0.9000,0.3000,0.4000
/project1/Embody/tdxn_export_progress/dialog/title	text	tox	project1/Embody/tdxn_export_progress/dialog/title.tox	2026-10-03 14:35:29 UTC		1	2025.33230	200	0	0.3250,0.8000,0.3000
/project1/Embody/tdxn_export_progress/dialog/status_callbacks	text	py	project1/Embody/tdxn_export_progress/dialog/status_callbacks.py	2026-10-03 14:35:29 UTC				200	-360	0.9000,0.3000,0.4000
/project1/Embody/tdxn_export_progress/dialog/status	text	tox	project1/Embody/tdxn_export_progress/dialog/status.tox	2026-10-03 14:35:29 UTC		1	2025.33230	200	-200	0.3250,0.8000,0.3000
/project1/Embody/tdxn_export_progress/dialog/bar_bg/bar_fill	container	tox	project1/Embody/tdxn_export_progress/dialog/bar_bg/bar_fill.tox	2026-10-03 14:35:29 UTC		1	2025.33230	200	0	0.3250,0.8000,0.3000
/project1/Embody/tdxn_export_progress/dialog/bar_bg	container	tox	project1/Embody/tdxn_export_progress/dialog/bar_bg.tox	2026-10-03 14:35:29 UTC		1	2025.33230	200	-400	0.3250,0.8000,0.3000
/project1/Embody/tdxn_export_progress/dialog	container	tox	project1/Embody/tdxn_export_progress/dialog.tox	2026-10-03 14:35:29 UTC		1	2025.33230	200	200	0.3250,0.8000,0.3000
/project1/Embody/tdxn_export_progress	base	tox	project1/Embody/tdxn_export_progress.tox	2026-10-03 14:35:29 UTC		1	2025.33230	1000	475	0.3250,0.8000,0.3000
/project1/Embody/tagger/replicator1_callbacks	text	py	project1/Embody/tagger/replicator1_callbacks.py	2026-10-03 14:35:29 UTC				-225	-160	0.9000,0.3000,0.4000
/project1/Embody/tagger/replicator1	replicator	tox	project1/Embody/tagger/replicator1.tox	2026-10-03 14:35:29 UTC		2	2025.33230	-225	0	0.3250,0.8000,0.3000
/project1/Embody/tagger/header/text1_callbacks	text	py	project1/Embody/tagger/header/text1_callbacks.py	2026-10-03 14:35:29 UTC				-200	-160	0.9000,0.3000,0.4000
/project1/Embody/tagger/header/text1	text	tox	project1/Embody/tagger/header/text1.tox	2026-10-03 14:35:29 UTC		10	2025.33230	-200	0	0.3250,0.8000,0.3000
/project1/Embody/tagger/header	container	tox	project1/Embody/tagger/header.tox	2026-10-03 14:35:29 UTC		16	2025.33230	0	275	0.3250,0.8000,0.3000
/project1/Embody/tagger	container	tox	project1/Embody/tagger.tox	2026-10-03 14:35:29 UTC		35	2025.33230	900	225	0.3250,0.8000,0.3000
/project1/Embody/startup_progress	text	py	project1/Embody/startup_progress.py	2026-10-03 14:35:29 UTC				-1900	300	0.9000,0.3000,0.4000
/project1/Embody/shortcuts	text	py	project1/Embody/shortcuts.py	2026-10-03 14:35:29 UTC				-500	-375	0.9000,0.3000,0.4000
/project1/Embody/parexec	parexec	py	project1/Embody/parexec.py	2026-10-03 14:35:29 UTC				-700	900	0.9000,0.3000,0.4000
/project1/Embody/palette_catalog	table	tsv	project1/Embody/palette_catalog.tsv	2026-10-03 14:35:29 UTC				-2500	300	0.9000,0.3000,0.4000
/project1/Embody/omit_panel/title_callbacks	text	py	project1/Embody/omit_panel/title_callbacks.py	2026-10-03 14:35:30 UTC				0	-160	0.9000,0.3000,0.4000
/project1/Embody/omit_panel/title	text	tox	project1/Embody/omit_panel/title.tox	2026-10-03 14:35:30 UTC		1	2025.33230	0	0	0.3250,0.8000,0.3000
/project1/Embody/omit_panel/subtitle_callbacks	text	py	project1/Embody/omit_panel/subtitle_callbacks.py	2026-10-03 14:35:30 UTC				200	-160	0.9000,0.3000,0.4000
/project1/Embody/omit_panel/subtitle	text	tox	project1/Embody/omit_panel/subtitle.tox	2026-10-03 14:35:30 UTC		1	2025.33230	200	0	0.3250,0.8000,0.3000
/project1/Embody/omit_panel/list_omits_callbacks	text	py	project1/Embody/omit_panel/list_omits_callbacks.py	2026-10-03 14:35:30 UTC				1400	0	0.9000,0.3000,0.4000
/project1/Embody/omit_panel/list_omits	list	tox	project1/Embody/omit_panel/list_omits.tox	2026-10-03 14:35:30 UTC		1	2025.33230	1000	0	0.3250,0.8000,0.3000
/project1/Embody/omit_panel/list_header_callbacks	text	py	project1/Embody/omit_panel/list_header_callbacks.py	2026-10-03 14:35:30 UTC				800	-160	0.9000,0.3000,0.4000
/project1/Embody/omit_panel/list_header	text	tox	project1/Embody/omit_panel/list_header.tox	2026-10-03 14:35:30 UTC		1	2025.33230	800	0	0.3250,0.8000,0.3000
/project1/Embody/omit_panel/dropzone/drop_hint_callbacks	text	py	project1/Embody/omit_panel/dropzone/drop_hint_callbacks.py	2026-10-03 14:35:30 UTC				0	-160	0.9000,0.3000,0.4000
/project1/Embody/omit_panel/dropzone/drop_hint	text	tox	project1/Embody/omit_panel/dropzone/drop_hint.tox	2026-10-03 14:35:30 UTC		1	2025.33230	0	0	0.3250,0.8000,0.3000
/project1/Embody/omit_panel/dropzone	container	tox	project1/Embody/omit_panel/dropzone.tox	2026-10-03 14:35:30 UTC		1	2025.33230	540	0	0.3250,0.8000,0.3000
/project1/Embody/omit_panel/dragdrop_callbacks	text	py	project1/Embody/omit_panel/dragdrop_callbacks.py	2026-10-03 14:35:30 UTC				1200	0	0.9000,0.3000,0.4000
/project1/Embody/omit_panel	container	tox	project1/Embody/omit_panel.tox	2026-10-03 14:35:30 UTC		1	2025.33230	700	475	0.3250,0.8000,0.3000
/project1/Embody/manager	container	tox	project1/Embody/manager.tox	2026-10-03 14:35:30 UTC		16	2025.33230	500	475	0.3250,0.8000,0.3000
/project1/Embody/list/list_callbacks	text	py	project1/Embody/list/list_callbacks.py	2026-10-03 14:35:30 UTC				625	0	0.9000,0.3000,0.4000
/project1/Embody/list/list1	list	tox	project1/Embody/list/list1.tox	2026-10-03 14:35:30 UTC		58	2025.33230	445	0	0.3250,0.8000,0.3000
/project1/Embody/list/inject_parents_callbacks	text	py	project1/Embody/list/inject_parents_callbacks.py	2026-10-03 14:35:30 UTC				-100	-120	0.9000,0.3000,0.4000
/project1/Embody/list	container	tox	project1/Embody/list.tox	2026-10-03 14:35:30 UTC		41	2025.33230	300	75	0.3250,0.8000,0.3000
/project1/Embody/keyboardin_callbacks	text	py	project1/Embody/keyboardin_callbacks.py	2026-10-03 14:35:30 UTC				-300	-375	0.9000,0.3000,0.4000
/project1/Embody/help/text_help_display	text	py	project1/Embody/help/text_help_display.py	2026-10-03 14:35:30 UTC				0	-200	0.9000,0.3000,0.4000
/project1/Embody/help/text_help	text	py	project1/Embody/help/text_help.py	2026-10-03 14:35:30 UTC				0	0	0.9000,0.3000,0.4000
/project1/Embody/help	opviewer	tox	project1/Embody/help.tox	2026-10-03 14:35:30 UTC		16	2025.33230	196	675	0.3250,0.8000,0.3000
/project1/Embody/fifo1_callbacks	text	py	project1/Embody/fifo1_callbacks.py	2026-10-03 14:35:30 UTC				-700	580	0.9000,0.3000,0.4000
/project1/Embody/execute	execute	py	project1/Embody/execute.py	2026-10-03 14:35:30 UTC				-700	1100	0.9000,0.3000,0.4000
/project1/Embody/envoy_viz	text	py	project1/Embody/envoy_viz.py	2026-10-03 14:35:30 UTC				-1300	900	0.9000,0.3000,0.4000
/project1/Embody/envoy_soak	text	py	project1/Embody/envoy_soak.py	2026-10-03 14:35:30 UTC				-1000	800	0.9000,0.3000,0.4000
/project1/Embody/envoy_setup	text	py	project1/Embody/envoy_setup.py	2026-10-03 14:35:30 UTC				-1300	1100	0.9000,0.3000,0.4000
/project1/Embody/envoy_read	text	py	project1/Embody/envoy_read.py	2026-10-03 14:35:30 UTC				-1300	1300	0.9000,0.3000,0.4000
/project1/Embody/envoy_ops	text	py	project1/Embody/envoy_ops.py	2026-10-03 14:35:30 UTC				-1300	500	0.9000,0.3000,0.4000
/project1/Embody/envoy_layout	text	py	project1/Embody/envoy_layout.py	2026-10-03 14:35:30 UTC				-1300	700	0.9000,0.3000,0.4000
/project1/Embody/envoy_guard	text	py	project1/Embody/envoy_guard.py	2026-10-03 14:35:30 UTC				-1000	1000	0.9000,0.3000,0.4000
/project1/Embody/embot_template	base	tox	project1/Embody/embot_template.tox	2026-10-03 14:35:30 UTC		1	2025.33230	-700	-1200	0.3250,0.8000,0.3000
/project1/Embody/embody_pyenv	text	py	project1/Embody/embody_pyenv.py	2026-10-03 14:35:30 UTC				-1900	1100	0.9000,0.3000,0.4000
/project1/Embody/embody_pardef	text	py	project1/Embody/embody_pardef.py	2026-10-03 14:35:30 UTC				-1900	500	0.9000,0.3000,0.4000
/project1/Embody/embody_launch	text	py	project1/Embody/embody_launch.py	2026-10-03 14:35:30 UTC				-1900	1300	0.9000,0.3000,0.4000
/project1/Embody/embody_git	text	py	project1/Embody/embody_git.py	2026-10-03 14:35:30 UTC				-1900	700	0.9000,0.3000,0.4000
/project1/Embody/embody_admin	text	py	project1/Embody/embody_admin.py	2026-10-03 14:35:30 UTC				-1900	900	0.9000,0.3000,0.4000
/project1/Embody/divergent_defaults	table	tsv	project1/Embody/divergent_defaults.tsv	2026-10-03 14:35:30 UTC				-2500	500	0.9000,0.3000,0.4000
/project1/Embody/convoy/host/convoy_ws	text	py	project1/Embody/convoy/host/convoy_ws.py	2026-10-03 14:35:30 UTC				2300	-200	0.9000,0.3000,0.4000
/project1/Embody/convoy/host/convoy_wake	text	py	project1/Embody/convoy/host/convoy_wake.py	2026-10-03 14:35:30 UTC				3800	-400	0.9000,0.3000,0.4000
/project1/Embody/convoy/host/convoy_sessions	text	py	project1/Embody/convoy/host/convoy_sessions.py	2026-10-03 14:35:30 UTC				3800	0	0.9000,0.3000,0.4000
/project1/Embody/convoy/host/convoy_realm	text	py	project1/Embody/convoy/host/convoy_realm.py	2026-10-03 14:35:30 UTC				3200	-600	0.9000,0.3000,0.4000
/project1/Embody/convoy/host/convoy_protocol	text	py	project1/Embody/convoy/host/convoy_protocol.py	2026-10-03 14:35:30 UTC				2300	-400	0.9000,0.3000,0.4000
/project1/Embody/convoy/host/convoy_policy	text	py	project1/Embody/convoy/host/convoy_policy.py	2026-10-03 14:35:30 UTC				3200	-400	0.9000,0.3000,0.4000
/project1/Embody/convoy/host/convoy_platform	text	py	project1/Embody/convoy/host/convoy_platform.py	2026-10-03 14:35:30 UTC				800	-600	0.9000,0.3000,0.4000
/project1/Embody/convoy/host/convoy_peerserver	text	py	project1/Embody/convoy/host/convoy_peerserver.py	2026-10-03 14:35:30 UTC				1700	-400	0.9000,0.3000,0.4000
/project1/Embody/convoy/host/convoy_peers	text	py	project1/Embody/convoy/host/convoy_peers.py	2026-10-03 14:35:30 UTC				1700	0	0.9000,0.3000,0.4000
/project1/Embody/convoy/host/convoy_peerclient	text	py	project1/Embody/convoy/host/convoy_peerclient.py	2026-10-03 14:35:30 UTC				1700	-200	0.9000,0.3000,0.4000
/project1/Embody/convoy/host/convoy_owlette	text	py	project1/Embody/convoy/host/convoy_owlette.py	2026-10-03 14:35:30 UTC				3800	-200	0.9000,0.3000,0.4000
/project1/Embody/convoy/host/convoy_mcpclient	text	py	project1/Embody/convoy/host/convoy_mcpclient.py	2026-10-03 14:35:30 UTC				3800	-600	0.9000,0.3000,0.4000
/project1/Embody/convoy/host/convoy_lifecycle	text	py	project1/Embody/convoy/host/convoy_lifecycle.py	2026-10-03 14:35:30 UTC				3200	-200	0.9000,0.3000,0.4000
/project1/Embody/convoy/host/convoy_lan	text	py	project1/Embody/convoy/host/convoy_lan.py	2026-10-03 14:35:30 UTC				1700	-600	0.9000,0.3000,0.4000
/project1/Embody/convoy/host/convoy_identity	text	py	project1/Embody/convoy/host/convoy_identity.py	2026-10-03 14:35:30 UTC				800	-200	0.9000,0.3000,0.4000
/project1/Embody/convoy/host/convoy_hoststore	text	py	project1/Embody/convoy/host/convoy_hoststore.py	2026-10-03 14:35:30 UTC				800	0	0.9000,0.3000,0.4000
/project1/Embody/convoy/host/convoy_hostprobe	text	py	project1/Embody/convoy/host/convoy_hostprobe.py	2026-10-03 14:35:30 UTC				200	-600	0.9000,0.3000,0.4000
/project1/Embody/convoy/host/convoy_hostops	text	py	project1/Embody/convoy/host/convoy_hostops.py	2026-10-03 14:35:30 UTC				200	-200	0.9000,0.3000,0.4000
/project1/Embody/convoy/host/convoy_hostkeys	text	py	project1/Embody/convoy/host/convoy_hostkeys.py	2026-10-03 14:35:31 UTC				200	-400	0.9000,0.3000,0.4000
/project1/Embody/convoy/host/convoy_hostapp	text	py	project1/Embody/convoy/host/convoy_hostapp.py	2026-10-03 14:35:31 UTC				200	0	0.9000,0.3000,0.4000
/project1/Embody/convoy/host/convoy_discovery	text	py	project1/Embody/convoy/host/convoy_discovery.py	2026-10-03 14:35:31 UTC				2300	0	0.9000,0.3000,0.4000
/project1/Embody/convoy/host/convoy_controllers	text	py	project1/Embody/convoy/host/convoy_controllers.py	2026-10-03 14:35:31 UTC				3200	0	0.9000,0.3000,0.4000
/project1/Embody/convoy/host/convoy_capabilities	text	py	project1/Embody/convoy/host/convoy_capabilities.py	2026-10-03 14:35:31 UTC				800	-400	0.9000,0.3000,0.4000
/project1/Embody/convoy/host/convoy_artifacts	text	py	project1/Embody/convoy/host/convoy_artifacts.py	2026-10-03 14:35:31 UTC				4700	0	0.9000,0.3000,0.4000
/project1/Embody/convoy/host/convoy_artifact_http	text	py	project1/Embody/convoy/host/convoy_artifact_http.py	2026-10-03 14:35:31 UTC				4700	-200	0.9000,0.3000,0.4000
/project1/Embody/convoy/host	base	tox	project1/Embody/convoy/host.tox	2026-10-03 14:35:31 UTC		1	2025.33230	0	-400	0.3250,0.8000,0.3000
/project1/Embody/convoy/convoy_install	text	py	project1/Embody/convoy/convoy_install.py	2026-10-03 14:35:31 UTC				800	0	0.9000,0.3000,0.4000
/project1/Embody/convoy/convoy_client	text	py	project1/Embody/convoy/convoy_client.py	2026-10-03 14:35:31 UTC				400	0	0.9000,0.3000,0.4000
/project1/Embody/convoy/ConvoyExt	text	py	project1/Embody/convoy/ConvoyExt.py	2026-10-03 14:35:31 UTC				0	0	0.9000,0.3000,0.4000
/project1/Embody/convoy	base	tox	project1/Embody/convoy.tox	2026-10-03 14:35:31 UTC		19	2025.33230	1800	-550	0.3250,0.8000,0.3000
/project1/Embody/chopexec_exit_tagger	chopexec	py	project1/Embody/chopexec_exit_tagger.py	2026-10-03 14:35:31 UTC				-300	-650	0.9000,0.3000,0.4000
/project1/Embody/ai_clients	text	py	project1/Embody/ai_clients.py	2026-10-03 14:35:31 UTC				-1300	300	0.9000,0.3000,0.4000
/project1/Embody/TDXNExt	text	py	project1/Embody/TDXNExt.py	2026-10-03 14:35:31 UTC				-2500	900	0.9000,0.3000,0.4000
/project1/Embody/EnvoyExt	text	py	project1/Embody/EnvoyExt.py	2026-10-03 14:35:31 UTC				-2500	1100	0.9000,0.3000,0.4000
/project1/Embody/EmbodyExt	text	py	project1/Embody/EmbodyExt.py	2026-10-03 14:35:31 UTC				-2500	1300	0.9000,0.3000,0.4000
/project1/Embody/Collection/scanner	text	py	project1/Embody/Collection/scanner.py	2026-10-03 14:35:31 UTC				0	-200	0.9000,0.3000,0.4000
/project1/Embody/Collection/safe_import	text	py	project1/Embody/Collection/safe_import.py	2026-10-03 14:35:31 UTC				400	-200	0.9000,0.3000,0.4000
/project1/Embody/Collection/CollectionExt	text	py	project1/Embody/Collection/CollectionExt.py	2026-10-03 14:35:31 UTC				200	0	0.9000,0.3000,0.4000
/project1/Embody/Collection	base	tox	project1/Embody/Collection.tox	2026-10-03 14:35:31 UTC		4	2025.33230	200	-550	0.3250,0.8000,0.3000
/project1/Embody/CatalogManagerExt	text	py	project1/Embody/CatalogManagerExt.py	2026-10-03 14:35:31 UTC				-2500	700	0.9000,0.3000,0.4000
/project1/Embody	container	tox	project1/Embody.tox	2026-10-05 13:07:13 UTC		1236	2025.33230	-75	1425	0.3250,0.8000,0.3000
/	base	tdxn	dmx.tdxn	2026-10-03 14:35:50 UTC			099.2025.33230	0	0	0.6700,0.6700,0.6700
/project1/ptz/frame_cook	execute	py	project1/ptz/frame_cook.py	2026-10-05 13:02:13 UTC				800	-400	0.9000,0.3000,0.4000
