scene	target	par	value
TestScene1	rig_a	Palette	Amber
TestScene1	rig_a	Custompalette1r	1.0
TestScene1	rig_a	Custompalette1g	0.0
TestScene1	rig_a	Custompalette1b	0.0
TestScene1	rig_a	Custompalette2r	0.0
TestScene1	rig_a	Custompalette2g	0.0
TestScene1	rig_a	Custompalette2b	1.0
TestScene1	rig_a	Custompalette3r	1.0
TestScene1	rig_a	Custompalette3g	1.0
TestScene1	rig_a	Custompalette3b	0.0
TestScene1	rig_a	Custompalette4r	0.0
TestScene1	rig_a	Custompalette4g	1.0
TestScene1	rig_a	Custompalette4b	0.0
TestScene1	rig_a	Custompalette5r	1.0
TestScene1	rig_a	Custompalette5g	0.0
TestScene1	rig_a	Custompalette5b	1.0
TestScene1	rig_a	Kickenable	1
TestScene1	rig_a	Globalsmooth	1.0
TestScene1	rig_a	Mindimmer	200.0
TestScene1	rig_a	Maxdimmer	255.0
TestScene1	rig_a	Dimmerboost	0.4654
TestScene1	rig_a	Smoothfactor	0.475
TestScene1	rig_a	Colorcurve	0.6
TestScene1	rig_a	Colorsmooth	0.799
TestScene1	rig_a	Colorspeed	0.2
TestScene1	rig_a	Colorphase	0.0
TestScene1	rig_a	Barphase	0.0
TestScene1	rig_a	Agcrelease	0.0008
TestScene1	rig_a	Minrange	0.02
TestScene1	rig_a	Kickthresh	0.15
TestScene1	rig_a	Kickboost	100.0
TestScene1	rig_a	Kickdecay	0.75
TestScene1	rig_a	Kickcooldown	0.22
TestScene1	rig_a	Kicksmooth	0.3
TestScene1	rig_b	Palette	Deep Purple
TestScene1	rig_b	Custompalette1r	1.0
TestScene1	rig_b	Custompalette1g	0.0
TestScene1	rig_b	Custompalette1b	0.0
TestScene1	rig_b	Custompalette2r	0.0
TestScene1	rig_b	Custompalette2g	0.0
TestScene1	rig_b	Custompalette2b	1.0
TestScene1	rig_b	Custompalette3r	1.0
TestScene1	rig_b	Custompalette3g	1.0
TestScene1	rig_b	Custompalette3b	0.0
TestScene1	rig_b	Custompalette4r	0.0
TestScene1	rig_b	Custompalette4g	1.0
TestScene1	rig_b	Custompalette4b	0.0
TestScene1	rig_b	Custompalette5r	1.0
TestScene1	rig_b	Custompalette5g	0.0
TestScene1	rig_b	Custompalette5b	1.0
TestScene1	rig_b	Kickenable	1
TestScene1	rig_b	Globalsmooth	1.0
TestScene1	rig_b	Mindimmer	196.35
TestScene1	rig_b	Maxdimmer	255.0
TestScene1	rig_b	Dimmerboost	0.505
TestScene1	rig_b	Smoothfactor	0.475
TestScene1	rig_b	Colorcurve	0.739
TestScene1	rig_b	Colorsmooth	0.751
TestScene1	rig_b	Colorspeed	0.2
TestScene1	rig_b	Colorphase	0.0
TestScene1	rig_b	Barphase	0.0
TestScene1	rig_b	Agcrelease	0.0001
TestScene1	rig_b	Minrange	0.02
TestScene1	rig_b	Kickthresh	0.15
TestScene1	rig_b	Kickboost	100.0
TestScene1	rig_b	Kickdecay	0.75
TestScene1	rig_b	Kickcooldown	0.22
TestScene1	rig_b	Kicksmooth	0.3
TestScene1	heads	Control	manual
TestScene1	heads	Pan	0.0
TestScene1	heads	Tilt	0.0
TestScene1	heads	Speed	1.0
TestScene1	heads	Dimmer	0.0
TestScene1	heads	Shutteropen	1
TestScene1	heads	Colorr	1.0
TestScene1	heads	Colorg	1.0
TestScene1	heads	Colorb	1.0
TestScene1	heads	White	0.0
TestScene1	heads	Colorwheel	0.0
TestScene1	heads	Gobo	0.0
TestScene1	heads	Zoom	0.5
TestScene1	heads	Focus	0.5
TestScene1	ptz	Mode	mocap
TestScene1	ptz	Padu	0.480186
TestScene1	ptz	Padv	0.1959
TestScene1	rig_a	Patchenable	1
TestScene1	rig_b	Patchenable	1
TestScene1	heads	Patchenable	0
TestScene1	patch	Blackout	0
TestScene1	rig_a	Audiobus	a
TestScene1	rig_b	Audiobus	a
